{"appName":"Boostiy ","appIconPath":"file_00000000c3707207b1e9064ca6941bf4.png","splashPath":"file_00000000c3707207b1e9064ca6941bf4.png","packageName":"com.boostifysmmsk","versionName":"7.0.0","versionCode":6,"isFullscreen":false,"isHideTitleBar":false,"titleBarBackgroundColor":"#3F51B5","isAllowLongClick":false,"isShowLoadingUI":false,"isAllowZoom":false,"isPCMode":false,"isAllowAutoplay":false,"homePage":"index.html","withPHPEnv":false,"PHPPort":57249,"isAllowSwipeRefresh":false,"isAllowCamera":false,"isAllowMicrophone":false,"screenRotationMethod":0}